hash,news_id,created_at
bb66bbbddf8ecfe740ae68e90199d86f,5,2025-04-30 13:23:05.090207
565c74cf1d07a04c80cd1fcfc350b379,6,2025-04-30 13:47:11.181353
b26717359e63bdbf574c611ffaa3f2cd,7,2025-04-30 13:50:58.593792
8aa4ff87f5baec49bcc38a0b2c6e5be2,8,2025-04-30 13:56:39.787623
d46fbc5566d29e618e0ed3d4d9802654,9,2025-04-30 13:59:08.484208
53265abe59186de67c0c5ee0426a860b,10,2025-05-04 21:31:57.952872
0aa161527f04accb8700a637a2b99378,11,2025-05-04 21:34:37.973114
29df33a93c435634d1a428c77f612ff4,12,2025-05-04 21:36:03.643932
43f61f9a91d4cb51a75ca946094a7c07,13,2025-05-04 21:38:12.215151
50b865e7a9b5b89a8d5c4f65758f9bf7,14,2025-05-04 21:39:36.889530
d7dc3bb7bde29814c98fbbd9843898a0,15,2025-05-04 21:41:13.400123
5360f8eb644f2d27974a620316eefe26,16,2025-05-05 19:46:00.420350
23fddc96062590cb488a7a27695bfd93,18,2025-05-05 19:52:51.694475
f80e399d34f5efeb106fc4fd6d37786b,19,2025-05-05 19:54:41.246645
ef9c3abc3da1f5f225b98a20e084a6c9,183199,2025-05-07 13:39:58.718948
25e482cf86706f629d263a7af61106da,183200,2025-05-07 13:41:26.705156
1ab889cb846f904009c27fcdca71bf77,183201,2025-05-07 13:41:30.171353
1b5b06ac2a043eba7afeab55c67665c3,183202,2025-05-07 13:41:30.686089
37bc97eaff4bf4d736fa4590385de0ab,183203,2025-05-07 13:41:31.091078
ac507f6feb6b756c77bbda5bd8fb41f0,183204,2025-05-07 13:41:31.528160
75d5c2300d831b54b82538984439a9d3,183205,2025-05-07 13:41:31.890161
69f5b68a312be63bcff99046bfb370a1,183206,2025-05-07 13:41:32.328250
787e25e51541b750cfb6efe441d72bb4,183207,2025-05-07 13:41:32.752889
c093d6f485808534426f9869f8fbd216,183208,2025-05-07 13:41:33.229681
c7a118d1dd2bc5ddbc59e6734b9bacf6,183209,2025-05-07 13:41:33.680025
2cb9743bcf96951ea5c4a4bba8e5c219,183210,2025-05-07 13:41:34.157237
2715c7d66a71d5c6af0a38d0fb786afb,183211,2025-05-07 13:41:34.421151
8fe03d1a421baf08db87263b4eac5c67,183212,2025-05-07 13:41:34.779867
249201adfb2e50ea82f5e952645d7fbf,183213,2025-05-07 13:41:35.402163
553d33a356ff894d43415f130a85b0e9,183214,2025-05-07 13:41:36.017932
06ef978f71e9857363c286ace3a3028b,183215,2025-05-07 13:41:36.366720
3e3b7656cb041b97358693ac88a36d24,183216,2025-05-07 13:41:36.903911
4e25dbb3cc98073d81c1e242063615c6,183217,2025-05-07 13:41:37.424269
dd5f8ef320ee1d8e6433336633c9fad2,183218,2025-05-07 13:41:37.877582
beee2c825429670577b527eef45d773a,183219,2025-05-07 14:11:09.932881
9b9e917467ffd3d10f0e1d4e43e4288f,183220,2025-05-07 14:21:12.037486
33b65935c5c28fd612f266ed6c2a0126,183221,2025-05-07 21:11:52.220504
c6de97aaab425cc0267cb79c509f3e32,183222,2025-05-07 21:11:55.317143
69efbc8587254c345d5ba667fc8c9862,183223,2025-05-07 21:11:56.191716
834bcc6e96ee8c2ed5ab2052f141d8f7,183225,2025-05-07 21:11:58.202955
c77234b3ba81f713db021446d8f671ed,183226,2025-05-07 21:11:59.230981
d183526d0529ab7512ca73b6369e18c3,183227,2025-05-07 21:12:00.359349
5a9304483c2a2fb8223b6b6242356f89,183228,2025-05-07 21:12:01.358138
e2b025fb27dafff450ede149808c9804,183229,2025-05-07 21:12:02.400032
c616de5cc03b53d35b95170440a72446,183230,2025-05-07 21:12:03.391105
d19ba063c8589fc7b61681a6c2e292ca,183231,2025-05-07 21:12:04.526211
d09ab1d8122db4c49eaf0c9c354e4a51,183232,2025-05-07 21:12:05.413889
53d7862221ed7b1456c8cdf5c9dcfa45,183233,2025-05-07 21:12:06.393911
30985165fc46d56bc07d72374221babe,183234,2025-05-07 21:12:07.436697
46ad15648a8e1339f43cd8c10e263e69,183235,2025-05-07 21:12:08.448390
67763d52f816424283317195b27e426f,183236,2025-05-07 21:12:09.438527
8d4c42cf3b43f711be1ba1e72ffae254,183237,2025-05-07 21:12:10.253544
c9a84bf9ba855640829ec0ea720b902c,183238,2025-05-07 21:12:11.341686
8d66bf1513d94b15aeeca1901cb6af54,183239,2025-05-07 21:12:12.214262
070ea0bfe998f70a5c2f744409bc572c,183240,2025-05-07 23:59:30.136604
3502d30b8a7036cc835ddef04294a9ae,183241,2025-05-07 23:59:33.410312
f2bf6d4ef749e552d97577714dc2040c,183242,2025-05-07 23:59:34.489731
92876eb7522050bfd07420279ab406f1,183243,2025-05-07 23:59:35.966285
2f0a54181de48497847a90e569bc579f,183244,2025-05-07 23:59:37.416738
ebcb25a46f5edfd85c3909e656098fa2,183245,2025-05-07 23:59:38.427131
6ad23d451d3f38379f8baf84a0282c6a,183246,2025-05-07 23:59:39.448796
548e34070a4edefdb262ebfab173a176,183247,2025-05-08 06:07:41.000000
e28ae40ccdb46b30c465f55d9ffd3720,183248,2025-05-08 06:07:38.000000
ac93eb1b07e43eb78a0e1a3692974b11,183249,2025-05-08 05:56:20.000000
615e68775f10295698c8beb8747e032e,183250,2025-05-08 05:47:42.000000
3c448a40a61eeb00875e1dd13c1952b0,183251,2025-05-08 05:20:04.000000
9bcdd9aa2b9da7094265e78dfc8bf4f7,183252,2025-05-08 05:18:44.000000
729ed498c1c3b14b9e8938234e2fba5a,183253,2025-05-08 05:13:08.000000
8f77815c7e249c77a6f4f5121d158253,183254,2025-05-08 05:07:17.000000
e2abb6bac076733da72bddbaa13ce103,183255,2025-05-08 04:58:51.000000
6e66c7af018ab530b50f2af510fa65b6,183256,2025-05-08 04:31:25.000000
092ec67a84b7d082155700ab7c203c3e,183257,2025-05-08 04:17:25.000000
c0c4701b16659ba3da155502b3d606df,183258,2025-05-08 04:08:02.000000
09e6ff631255114b6607bc29628afb98,183259,2025-05-08 03:48:56.000000
843327a703ffb489321cfc922cc33ada,183260,2025-05-08 03:09:14.000000
91c7f683491f6edde1aee46312801032,183261,2025-05-08 02:29:39.000000
06ec9732e39f287f1c8e7d3241de14b8,183262,2025-05-08 02:15:37.000000
6f90e87f080d36c7525f189745852747,183263,2025-05-08 01:54:04.000000
d55b60052560f15e96dabc3c47bc96a9,183264,2025-05-08 06:00:57.000000
78ea2174622c401460236685e29e2c5c,183265,2025-05-08 05:32:41.000000
59b99ec5c24f09c9755eddbddb79c8b6,183266,2025-05-08 04:33:36.000000
2953f90538fedf7b942a4106d34f6c36,183267,2025-05-08 03:49:05.000000
6138be4b0370d4abe4f30faa79778f2a,183280,2025-05-09 19:44:26.000000
2eead9d7f476729661b106b098e828b9,183281,2025-05-09 18:48:18.000000
137c4c3f5bdf44ef1f2b2e48e717740c,183282,2025-05-09 18:11:45.000000
34b79c8ebb34b98b8ea944f7d8c4973a,183283,2025-05-09 18:01:56.000000
593bcb8f8376c1aa7663fe1de3ec29d5,183284,2025-05-09 17:16:37.000000
f192b9f13e1d5d97f85cd56b917df309,183285,2025-05-09 17:13:43.000000
d33f87c57eda47182b422a7654f39325,183286,2025-05-09 17:05:36.000000
5d8e7c8556050d0db16606550525fc8e,183287,2025-05-09 15:56:49.000000
cf0f0be815cc42845c0962886fa49a3d,183288,2025-05-09 15:10:53.000000
aef9e7e408df0cde4e6c8835a0a95da6,183289,2025-05-09 14:56:11.000000
1ff90e1d8764e35c906f76538d1108d9,183290,2025-05-09 14:53:40.000000
31ae199eca27de302f50f464fcecf68e,183291,2025-05-09 13:48:08.000000
db7dd7c103f4d57830502392640f4160,183292,2025-05-09 13:47:47.000000
78cade57477d0874ccaadd438be478d6,183293,2025-05-09 13:15:42.000000
ff4c04fc6c9f7b49fafbe3b32395b4a5,183294,2025-05-09 12:30:14.000000
cd02d78ec658b53ca9a269cbeb9159e1,183295,2025-05-09 12:25:28.000000
261ce9a51d07486f3e095e34af987d9a,183296,2025-05-09 12:13:47.000000
e76d86f1194e08516a171f52c74bb6ad,183297,2025-05-09 11:43:32.000000
85bf6e5420f026703cf38206172617e1,183298,2025-05-09 11:25:00.000000
90f1b5db1f3fe29c5b70f44aeef9a75b,183299,2025-05-09 11:09:28.000000
b6fb4fd2c1441c967b33cc4b3edb849c,183300,2025-05-09 18:50:47.000000
aa1048ea639e8232052a662069751a95,183301,2025-05-09 18:09:13.000000
a68853c4c8b762e2d36ea7d9287007a3,183302,2025-05-09 15:25:58.000000
d3372e03ea4bbc9761f53490043afc59,183303,2025-05-09 16:28:09.000000
652994811c76aef8dd61218c3022ddd4,183304,2025-05-09 14:57:13.000000
41c2f540dc66a57487b9e1c9e0682d74,183305,2025-05-09 16:02:57.000000
e24482ccc06f5443d350eb81fe08caf7,183306,2025-05-09 00:13:15.000000
0b59df8a3c1c7788e699c5e1d53cf6c7,183307,2025-05-09 10:50:26.000000
9d859f8e75c41b6364f5820755318c9f,183308,2025-05-09 05:31:51.000000
a6ac329a14a9b2fb761caf91482a3204,183309,2025-05-09 15:16:56.000000
f9e401c0b81205234b37b9958ceb065e,183310,2025-05-09 12:43:05.000000
24a9586227188d4b5e6106ac2a725524,183311,2025-05-08 14:56:19.000000
e487b57ad9061eaafa8527cc811fd324,183312,2025-05-09 17:15:02.000000
26567960493f6a5f612b134c6e23e5aa,183313,2025-05-09 16:47:31.000000
e1aa54dd31e9e92f5887f742affa157b,183314,2025-05-09 16:36:29.000000
f5b05722d356ccf9972ae25a4d1463ea,183315,2025-05-09 16:23:54.000000
298230f8e1f99242463d4d89fe04ea7c,183316,2025-05-09 13:22:50.000000
d831d2799ae2269ec6b5262558c97a85,183317,2025-05-09 13:22:47.000000
29cc38ceae50a80262a7e4d5ffb35c9c,183318,2025-05-09 11:42:52.000000
e3434024c3fc742119f8cafc2f0f382c,183319,2025-05-08 11:47:00.000000
48a462cb6cfa510bd1b648a450931459,183320,2025-05-08 19:43:06.000000
5195ed162f820871c0a3a77739e0e034,183346,2025-05-09 19:45:26.000000
5c71c89d1fd52d29f7ed8cee1a9530db,183347,2025-05-09 20:00:22.000000
e9725183bee700f15e8a1751f42c95b7,183349,2025-05-10 18:50:19.000000
82ea5d3ecb033cf1c214a147e4b708cc,183350,2025-05-10 18:46:08.000000
96a0b2e3f01ba418d46a01f2ea3f02d8,183351,2025-05-10 17:56:32.000000
c58772d409b9b97cc08b506e8aef6d98,183352,2025-05-10 16:26:24.000000
5376d1a036220edc746701c7b9de77ed,183353,2025-05-10 15:43:00.000000
e58218a5db05ed15033aaebf4b4e56a0,183354,2025-05-10 15:34:58.000000
79f9d7899561f53f322b2e4bf6f146e8,183355,2025-05-10 14:45:19.000000
619998b66d89a5357518023661b313ff,183356,2025-05-10 14:32:22.000000
6a357c0fafa12d22dfcf21bc8309d4a3,183357,2025-05-10 14:28:05.000000
8cae05685d16bd3f9a704829b1b84d93,183358,2025-05-10 14:16:24.000000
1a748da17d72360deec3c983bb61a81e,183359,2025-05-10 13:03:31.000000
df4a893fd336e2079e866b2049e46bd6,183360,2025-05-10 13:02:40.000000
5a0c52a00deee7e7a6d8721fa01e7e47,183361,2025-05-10 12:23:23.000000
d04ca7d2e3b530840f6c3a3297bb4701,183362,2025-05-10 12:12:14.000000
55b9e92413ea0f51037deb96b6f93872,183363,2025-05-10 11:54:28.000000
762bdd46705ac11ad8cb1890ed2c4bf2,183364,2025-05-10 11:48:52.000000
0a7fd0fa43189a31a2289ad3787cf9fc,183365,2025-05-10 11:34:53.000000
759c76aa6c4b5fc938aefa083435c1cd,183366,2025-05-10 11:26:36.000000
3c2e449d57070cf707acabee8ff0bbe6,183367,2025-05-10 11:19:34.000000
b3178b56f3eaa0d8bbc7859e45db6f2a,183368,2025-05-10 11:16:43.000000
2cf3e9b7787f11718600d6cf26fb06e0,183369,2025-05-10 17:46:31.000000
8754eac3aaa038947d009d85e6585f35,183370,2025-05-10 17:00:52.000000
fa6a488a06c2c7edcea5e6a84c5051de,183371,2025-05-10 11:41:53.000000
982ea3878f545d878531bc78895917ff,183372,2025-05-10 10:04:39.000000
412879c0e5fc769efed20b5e30f3d935,183373,2025-05-10 10:12:03.000000
2ad8ef62e8efe038fa6146319a9505ae,183374,2025-05-10 07:09:52.000000
d2ce4e9407ae7640f0fe9764aab97835,183375,2025-05-10 06:10:16.000000
a62a9e48d18ae2b9bf961a2e8a54445b,183376,2025-05-10 01:10:18.000000
ce7c3d70cd2f7ddf3bad0dbc3bfe4086,183377,2025-05-10 02:47:20.000000
19f9b7e9dd319fadcea27a1a51b39c7c,183378,2025-05-10 07:48:55.000000
36bd2aeec723445acaaf2ceee6d97036,183379,2025-05-10 09:14:59.000000
4c74a0ceae03a24fe52be05ea545bb3e,183380,2025-05-10 13:10:49.000000
5f70be7c71d27e9d3e92295c366cdb98,183406,2025-05-10 23:09:16.000000
4e0c4ab1b5843151b2f6a969e38b00da,183407,2025-05-10 22:22:22.000000
cb133b12355615cc095a17a41c422c85,183408,2025-05-10 22:05:29.000000
d2376938243f368a68d1845ac733483a,183409,2025-05-10 20:48:50.000000
8108c3028d614b2e8428b93583cbc3d3,183410,2025-05-10 20:05:51.000000
cdae90f01d2356ba9cb5c4545088f053,183411,2025-05-10 19:58:41.000000
89192af15384be2638829b6c953d3fb2,183412,2025-05-10 19:31:59.000000
d73f1e12b647c1fe83ad68b561636954,183413,2025-05-10 19:35:22.000000
59beeadb4149eded2b50b7571a2f4775,183414,2025-05-10 20:00:14.000000
ca67293a3c9336f4298f577188ebd1ad,183415,2025-05-08 07:06:30.000000
fd47736b308c6e0427e32a3dcd8a5186,183416,2025-05-05 20:30:14.000000
b8c8cd7e8d09bc4c0ec3545f3eb386c0,183417,2025-05-05 13:00:29.000000
b68127d4dfbfd2bdf015babe544425de,183418,2025-05-03 15:52:21.000000
074f250569d877b75b54f6d978182ef2,183419,2025-04-23 11:01:05.000000
58c5175080534c2c8143ddba2e737fca,183420,2025-05-10 13:50:07.000000
2d414df0a44a5ed1b918595855fdc580,183421,2025-05-08 16:10:45.000000
1cd67ce88de468f7a700d7c3db0edd5e,183422,2025-04-20 17:11:16.000000
e78a64efde3ba14b10bb0908c6bcfe2c,183423,2025-04-29 05:51:42.000000
113bab578ef44e74f89335d7da5b2f33,183424,2025-04-25 06:00:57.000000
ebec31f498b4b6c39a54c73032acdf0a,183450,2025-05-14 06:31:07.000000
9efb7e91bab14709507c237e819df0e7,183452,2025-05-14 06:15:34.000000
236d4bb43bf5506d97a4b9a372ead297,183453,2025-05-14 06:13:11.000000
9005e2397c92454c7ed8b563022018df,183454,2025-05-14 06:03:32.000000
5c1042935c2e2834c559913f8d30f73c,183455,2025-05-14 05:58:54.000000
c41a3d200f4642b1140501ba4b364564,183456,2025-05-14 05:57:40.000000
35dabfbcefea8442fc7ff72090f01e3e,183457,2025-05-14 05:41:29.000000
24943a0c52fe7906f61f37a749e29178,183458,2025-05-14 05:37:16.000000
c99fcc91bef1d3cf678be877b1c3f9b2,183459,2025-05-14 04:48:48.000000
86e41bfa76d0ccb221e35ebf39324116,183460,2025-05-14 04:46:42.000000
41cc245204af7bcee6dfd77c28db4ad2,183461,2025-05-14 04:17:16.000000
b3cc7d1f2a602c0870c81ac7bfc52476,183462,2025-05-14 03:21:55.000000
a8afdaae0ea29fb5f221f512e11fc0dd,183463,2025-05-14 03:13:29.000000
240e712198c414cf065535ac767aa59e,183464,2025-05-14 03:03:18.000000
dc5e53ca7f556b098ea0952b060e160d,183465,2025-05-14 02:55:49.000000
90337e4954588964ee648418d96a5755,183466,2025-05-14 02:46:33.000000
5c9dfe51939ede3882b52e06a325f908,183467,2025-05-14 02:30:53.000000
13c847a5c3f3d775277045c969cad756,183468,2025-05-14 02:04:49.000000
211a1e67375c89f6b8fe0377517284cc,183469,2025-05-13 23:19:03.000000
896308f230f2eca82719b872a6952395,183470,2025-05-14 06:49:06.000000
3de385ca9d5137a4ca26a75c5d2b968b,183471,2025-05-14 05:26:36.000000
535090ebafe44078672b2556b4540121,183472,2025-05-13 20:26:31.000000
4f3e2a9a434badaa359b9cba2fd20182,183473,2025-05-13 19:19:45.000000
a5d714ea8c4122c48a3e3a43fca11805,183474,2025-05-14 00:39:28.000000
642c8c067d717cf8dc676b45dc4634f6,183475,2025-05-13 17:30:48.000000
23d04c102e84fdc250e77a82ed8966db,183476,2025-05-13 19:57:10.000000
9089762f19834a3529223c49d5f3cdfe,183477,2025-05-13 18:54:29.000000
d3b45baa0a5ce4a316e0aac2e11b9611,183478,2025-05-13 13:54:35.000000
3e4123947f9e5cd43be72e83f9f6894e,183479,2025-05-13 10:40:59.000000
89d3be0d49e34e242a6572a43fc3cf4d,183480,2025-05-13 09:03:48.000000
241ffc1c75c2f86071484b07c8670eaa,183481,2025-05-13 08:57:04.000000
b537b1e7b7724a2eb9c128eb1ae89775,183482,2025-05-12 16:25:01.000000
e41154132509a3f2e25f15b5ab789e68,183483,2025-05-11 14:32:28.000000
ced9aab79ebbc3eb7f714aff73f6b586,183484,2025-05-13 17:35:02.000000
97cee3f696ef3bb892ee7a0308b240ba,183485,2025-05-13 17:01:03.000000
bd8f89e24120aafe7d63d4e68ccf7e28,183486,2025-05-13 16:56:38.000000
1ce6707e9f096e616cc721778cf70c2e,183487,2025-05-13 16:51:46.000000
e9a8c60f741e75600a4779b86e01f2b8,183488,2025-05-13 16:45:29.000000
49e0287deaf575293a945dcb928d3b32,183489,2025-05-13 12:42:26.000000
0802e4843d6791cab038f904b07c2eeb,183490,2025-05-12 16:44:44.000000
44ee16b3d2aec2b802ce355dda178e45,183491,2025-05-12 16:35:26.000000
e164dbbd11bdb87846304a6db4aff09c,183492,2025-05-12 16:27:55.000000
efee5a280baec20df8a9a2622e98411f,183493,2025-05-12 16:20:35.000000
b54163225037c064f6546883fc9bbf92,183494,2025-05-11 19:22:16.000000
faae9bf1da8baac6fef20a9f8676fa90,183495,2025-05-13 05:56:53.000000
185092ce203dacc73fceadbc3853785e,183496,2025-05-11 04:30:40.000000
2554f6d6ec76207711492b4580424afd,183526,2025-05-18 20:04:18.000000
ff7c10ebc01264ba0dcc946b4fd72ea5,183527,2025-05-18 20:01:43.000000
37dfdc83f0cb61c4a78a3829821e6b87,183528,2025-05-18 18:33:30.000000
b284b79d1884f62f043b9f53868741b7,183529,2025-05-18 18:00:56.000000
ef449bf6257fc27db0f32af798bae4d1,183530,2025-05-18 16:53:16.000000
d115a9ba024b8b270377d075b7902a6b,183531,2025-05-18 16:44:39.000000
fa18a96f9dc1f7ac63622c368791e711,183532,2025-05-18 16:40:50.000000
21f83ee8172645582e650020c1e83b97,183533,2025-05-18 15:39:21.000000
75edea9cccab16e8cc1ace1e7fac8696,183534,2025-05-18 15:15:12.000000
ddb057242fe955e01dcc6a2c8f90a9d2,183535,2025-05-18 14:29:05.000000
f4c87bb162bd11f4c682a1345730d784,183536,2025-05-18 14:15:50.000000
d0ccdf9889dc0d5b44301b13b0ee8581,183537,2025-05-18 13:48:47.000000
d35c2ad02c28e5a0f8a6ccc19078f9ca,183538,2025-05-18 13:06:43.000000
1152245cd324a9f3115e12c8b06500db,183539,2025-05-18 13:02:47.000000
79a34626f68e56be7d66fc4f0888eaf4,183540,2025-05-18 12:52:07.000000
0d4fb838018f33db42547d3a2c7f051c,183541,2025-05-18 12:19:48.000000
b96d4343c5f73fd749ecce3cae0aa4e8,183542,2025-05-18 12:13:11.000000
a856af22415dc7d8b287e3f91bc505e5,183543,2025-05-18 11:53:32.000000
4e0fb6bae6f428f8b22c0b605e8f363f,183544,2025-05-18 11:51:14.000000
e742d047121460ba85d4ded9e40ee573,183545,2025-05-18 11:46:27.000000
31da098bd0bce91654b85aa16ec585b3,183546,2025-05-18 20:37:27.000000
ecd3d3963178c55d55cb93e51e50181e,183547,2025-05-18 16:11:17.000000
aba7ba6543577e70baeb3654a0ee1a28,183548,2025-05-18 16:12:17.000000
90969df4a6d02b764ad112ec9d08fdd6,183549,2025-05-18 19:41:58.000000
61d1f072422559855cd49e13e56a785c,183550,2025-05-18 12:34:11.000000
acce9bb99f2a3b787f082194f538b6ec,183551,2025-05-18 07:10:17.000000
92934d6b6631938d3c6286bc9b948b10,183552,2025-05-18 06:37:15.000000
43e1092a638b56fc6fad37cdb89e8a02,183553,2025-05-18 05:32:00.000000
97a16a21a42c9c3c629cc1126efd7689,183554,2025-05-17 19:12:46.000000
dc6f6c89484d90499567030d76913672,183555,2025-05-17 15:04:08.000000
8060bb80f79641fd746132ad513e6710,183556,2025-05-17 12:57:39.000000
7e0a9006d3372a3993bd971a9d8dc790,183557,2025-05-16 15:55:00.000000
dc08837f1211b6743dc1f0b1ddb25a2c,183558,2025-05-15 14:50:04.000000
61d5328421f34ebfe9acc6cfb0e76bea,183559,2025-05-15 10:45:34.000000
63a312bbc31e5ab127baa7bd02e4a794,183560,2025-05-15 17:34:31.000000
34636c4975397efc7c86b4f554b0a4ec,183561,2025-05-18 19:38:27.000000
42740a2a9009bf08cf0a06493f8f646f,183562,2025-05-18 13:50:03.000000
8ff1b4fc892df4c63c17ddaf6e755fc8,183563,2025-05-16 18:10:39.000000
579ab6afbfedc308f52a70226e0cbabd,183564,2025-05-16 16:59:00.000000
5f65516ba739380e0d40598e4ee2e4d4,183565,2025-05-16 16:54:19.000000
329280bd72d05f055d548feffa657357,183566,2025-05-16 16:12:11.000000
f6e7c9c06e8d010575170f75206fe57f,183567,2025-05-16 16:10:57.000000
e7e5f024bb4e28259dbd6d34b397a406,183568,2025-05-14 18:07:55.000000
3de82b86e38e9913707370ba50c68c35,183569,2025-05-14 10:52:45.000000
21893e9c5b16d94ab9c85cbcd23ebe0f,183570,2025-05-14 16:31:32.000000
49ff5266188938f0567c365b48cd828b,183596,2025-05-20 02:50:34.119446
88b9941f4b13f293b18d32b36545a918,183597,2025-05-20 02:57:16.537283
be4bfc0ed111439fa280c0ae062a8855,183598,2025-05-20 07:43:44.000000
5b1eb836150edcd4b95e66c2cf1f452b,183599,2025-05-20 07:33:15.000000
cadecfe7560df17c292eb57ee3c198f8,183600,2025-05-20 07:07:34.000000
ddad2a715cffdebe175d1d4af0ebd136,183601,2025-05-20 06:55:04.000000
cf8d28b5ef7fc0ecb417e7a25d4621fc,183602,2025-05-20 06:54:47.000000
93ede8072ff24ba25c49a634921569d3,183603,2025-05-20 06:35:56.000000
b9f03237d7134388257045a34fa3bb5d,183604,2025-05-20 06:23:37.000000
86598b8178f9b3f4be1ab75e6376e645,183605,2025-05-20 06:11:08.000000
58780196920e2ec3f8ec88e8f786b309,183606,2025-05-20 06:06:44.000000
542702d89da9d092e149a21021a0151c,183607,2025-05-20 05:56:52.000000
e15849930a277de3a36f3c2e4f779f09,183608,2025-05-20 05:29:40.000000
fb9accea696921b5130efd4c3be3b2bb,183609,2025-05-20 05:09:49.000000
f557f3eedd0dc4a6ba9a7bf30377f74b,183610,2025-05-20 05:06:06.000000
c864a020afe8d1af58be68b9fa03f25e,183611,2025-05-20 02:57:48.000000
e175e0279662c86ca67a6f9e82dba932,183612,2025-05-20 02:48:10.000000
3627cda1553ddef8da209f119388e8b0,183613,2025-05-20 02:32:12.000000
1f67851240ce42bff6a0c6771aa88a87,183614,2025-05-20 02:07:34.000000
587a2934aac7a82afec0fe58011c5e78,183615,2025-05-19 22:01:08.000000
4f24ab605d237ea12a707b1d4f2827fc,183616,2025-05-19 20:44:22.000000
63ca7f966ad206bc20add17ce8a9aaf7,183617,2025-05-19 19:57:28.000000
a92c85c51ee7a8515928e14e2dee3f5b,183618,2025-05-20 06:33:03.000000
2648e85d48b396c7bf203327d3b41e17,183619,2025-05-20 03:59:18.000000
b8e53b0c9f93f51d246f3c1eb39080f4,183620,2025-05-20 05:10:18.000000
c4e409179a61577f0405dfaf2b10d92c,183621,2025-05-20 01:32:11.000000
75aea77046c3626b9e0411db9ae56f70,183622,2025-05-20 02:47:38.000000
fb7ff8b339ec9d35682f22e2281c75b2,183623,2025-05-19 20:26:21.000000
129fa9fbd0947a299d98c29747b45fda,183624,2025-05-19 17:02:30.000000
0a8d137902c4a586d9f2c68bc40796f3,183625,2025-05-19 15:59:55.000000
332884261ed77d5833786022a204b7c1,183626,2025-05-19 14:57:55.000000
508b5d16c0f0f484061a82b27c758579,183627,2025-05-19 14:21:22.000000
b412b55803c5c13939683c8e8e8bb401,183628,2025-05-19 07:51:36.000000
013f091f10742dd8ac203e876063c185,183629,2025-05-19 17:36:22.000000
849ceb68bc35df00f52a36bc4e36a55d,183630,2025-05-19 17:30:21.000000
7884a53fbe0bf1a5250d89613ca3f5db,183631,2025-05-19 17:11:55.000000
a387af559f4b7e34727585bb29a0876b,183632,2025-05-19 17:03:32.000000
8a3c704160613efec63915dba85b2ea0,183633,2025-05-19 16:57:02.000000
57fceab7529e5a6c3e3b78ea71be45c7,184527,2025-05-26 22:46:19.000000
1146238cfb6d36996f3aff0f2ca1d639,184528,2025-05-26 22:30:10.000000
14c75cd7b8840031a7188bf1733ce4be,184529,2025-05-26 21:30:26.000000
8a522bcd0b6da0c0c7b006db36195c84,184530,2025-05-26 20:31:28.000000
1db43c3e18b89b37286bdc8a61b361f8,184531,2025-05-26 20:20:26.000000
5beeb9f3484e1f71a67a9a02cff39224,184532,2025-05-26 19:42:35.000000
6654981fd2301a4c3327d60bd2e340f6,184533,2025-05-26 19:32:16.000000
b34d182f97982859b4a4aafc2d1549b3,184534,2025-05-26 19:21:22.000000
13dcf7801939934831348ded594ba997,184535,2025-05-26 19:11:07.000000
40cf2e0fadc205374d5cd9397b546245,184536,2025-05-26 18:15:29.000000
d92432fd64e2f0926c7862fd1dd0e51e,184537,2025-05-26 16:52:10.000000
9c53c93d41db3de84f95bea2535b11e2,184538,2025-05-26 15:48:53.000000
8324a7e49f3e0ff7f94b36d424530a6f,184539,2025-05-26 15:47:02.000000
3d508f122f1ababbf2019f8b6e087257,184540,2025-05-26 14:47:55.000000
66cbd4cb0e5b2567d8ef627219310e1b,184541,2025-05-26 14:23:40.000000
3f375f10e40ed99c1b2831d0cb133f1d,184542,2025-05-26 13:31:46.000000
c666cee850fcb341c3fad06c4f2a248a,184543,2025-05-26 13:17:03.000000
6c0a3d9b7d4a2a8fa051009d37309ab6,184544,2025-05-26 12:41:24.000000
817fb89159d54cd6df4d1585685abd74,184545,2025-05-26 11:51:57.000000
d17a5e033fa664870d221c69fe84d8e2,184546,2025-05-26 11:48:34.000000
df95edda16acdfbd93b142285c318422,184547,2025-05-26 21:17:31.000000
65ad081a051e2e8bc4168e0c1f1acf17,184548,2025-05-26 18:57:50.000000
a932dcd15cfd3df6ac539077e9b2a042,184549,2025-05-26 16:01:03.000000
083c03b8107155e4528611bc2b4cc0a8,184550,2025-05-26 20:06:13.000000
419aa24f703a67ac2ecd7f1b5f627bab,184551,2025-05-26 17:18:12.000000
a51913e3c4a8ecbe86885ab61db9af7e,184552,2025-05-26 14:07:50.000000
f411959208e93b42b7ba02b15f0b0106,184553,2025-05-26 10:54:17.000000
1527e23334cd8387d2ade4f0c3f826e4,184554,2025-05-26 09:25:06.000000
1312aed238eaeece60a4608404c84748,184555,2025-05-26 12:20:18.000000
c7c23737c4e4fa91a943969250dc34b0,184556,2025-05-25 14:54:20.000000
aabff7366b415ea4e43b2ead961a4424,184557,2025-05-24 08:04:05.000000
6500f3c8393917f50f686e566a23aaf3,184558,2025-05-24 08:57:27.000000
12bbd8b4b8b4d570db8cbc9ac4a9fdd2,184559,2025-05-23 15:02:08.000000
4b5cf516605ae7c627c83c679f1cbfdf,184560,2025-05-23 12:48:04.000000
caa8d250dc2a6c2aa0eaf7bd9b17d479,184561,2025-05-25 12:54:34.000000
493fd9181e771e081211804e304445a9,184562,2025-05-23 08:42:28.000000
bb87e3d8811b14ea011d95fff0f58a25,184563,2025-05-26 16:55:04.000000
fb774a94179c64ac06389af5e5aceec7,184564,2025-05-26 16:33:11.000000
ec66058e769091c8396ea6bec333a9bd,184565,2025-05-26 16:28:08.000000
9011d184f8e4ae22d6bc57f90f1882b5,184566,2025-05-26 16:22:53.000000
f715005a72ccd8677a03e068c33aac0a,184567,2025-05-25 14:07:09.000000
fa74cdd1c87f2e99abd703f9e04ca419,184568,2025-05-24 04:07:48.000000
7725c87dc7d215bb94fb47cc9828565a,184569,2025-05-22 09:40:28.000000
8cf622d0404875558568e3f4b7fe69b6,184570,2025-05-22 14:44:46.000000
dcc000777e1145ec603195c82c01a9bc,184571,2025-05-03 09:22:31.000000
ed334991554a0f5f4b5fdb5f48e3164b,185527,2025-05-30 21:55:58.288532
5872213ed1f2be0dc72ff42c693055c3,185528,2025-05-31 21:01:33.000000
f68b27b3917c7a464981f992400e06f5,185529,2025-05-31 20:49:45.000000
c26eed5ec9e765b2df901a2ec8129ce2,185530,2025-05-31 19:41:38.000000
da9469e69f8341391712fa9af0998218,185531,2025-05-31 18:19:10.000000
d47fb9bd6d95af76bfa892f3c9156a2a,185532,2025-05-31 18:02:39.000000
f45d592c123e75c27d141359d2a87064,185533,2025-05-31 17:49:04.000000
0c4b9566f1b39f0cfbd513ae29eedcf8,185534,2025-05-31 16:42:06.000000
e36e1ba46dbc4cf93b5f14b372783fda,185535,2025-05-31 16:20:43.000000
82f48b143e499d8259125232ca92a465,185536,2025-05-31 16:17:30.000000
677893eb3e03fe18b00b6c576bea8b99,185537,2025-05-31 15:28:40.000000
b22edd5ab67a9a32927fdc5312d123aa,185538,2025-05-31 15:18:06.000000
2c48a1452b1f42e012550701d57c01ba,185539,2025-05-31 15:10:12.000000
fece1a7ac5fc6f99c4eb93f6d3da3fc7,185540,2025-05-31 14:00:14.000000
e1922e6e3c9ce0e1ef654b6989e84ed8,185541,2025-05-31 13:26:16.000000
9354a57f7c3166a50b290c70dbef1af1,185542,2025-05-31 13:11:39.000000
bf7ad20ede78453c4a668f6d547214bb,185543,2025-05-31 13:08:47.000000
f4fb679acb22e4f5be44f2118d9280d1,185544,2025-05-31 12:49:06.000000
9b1c669cc56f3382737097448e92c7c5,185545,2025-05-31 12:42:35.000000
93430f525ee89f3d144f2a82d5f4bd4d,185546,2025-05-31 12:14:44.000000
0ca1bfec7f44be01402068a4e89be8b2,185547,2025-05-31 11:43:39.000000
5f63944f57e9503eeb0e42bcde6a62c7,185548,2025-05-31 16:45:00.000000
689ca9d3fd1e908fec82867189c2952b,185549,2025-05-31 17:57:59.000000
34eb39d45a0fcfe29e7841dc2793ad9b,185550,2025-05-31 05:59:54.000000
0bd5aac65cc2c00f48c844317932834c,185551,2025-05-31 15:25:36.000000
fe92f2f96cc2d5f3012323e0649f5460,185552,2025-05-31 14:28:58.000000
cc9fb69bdc91a481a6ad22298486cdfb,185553,2025-05-31 13:00:34.000000
b1edd1d6c9631b7eb8cf88dd581cbd0e,185554,2025-05-31 12:30:21.000000
40587c4cd054f5d20f20b5ea7a3b6a06,185555,2025-05-31 10:31:10.000000
d87e0bc3402e87dc84bac0cf4fbff2d0,185556,2025-05-30 23:20:06.000000
6db87c1eabbe563596affa4e887ce1b0,185557,2025-05-31 10:20:13.000000
a5d86eaefb777072b200e2c4f19b81c7,185558,2025-05-31 07:48:04.000000
623c733c4c9ad96810839a3d31cefc8c,185559,2025-05-30 07:28:20.000000
ed5a3ef1283cf3a22fdf4be072066447,185560,2025-05-29 11:34:44.000000
3b70425c13258789aa97b2906e983157,185561,2025-05-28 14:13:12.000000
15757f6ac252840001ce719922974a1a,185562,2025-05-28 12:13:54.000000
538de845f845fecde5d3271c2a3fb855,185563,2025-05-28 11:03:27.000000
24bb4078f98357ed111aa5fb765dc743,185564,2025-05-21 07:29:29.000000
61dc7189bc326b4f976e5f907963ba98,185565,2025-05-31 14:01:27.000000
e76036c16573d30823ffc474fd3b30f6,185566,2025-05-30 19:38:48.000000
445c6b86cb21ff91947a4c76fb86102f,185567,2025-05-30 18:07:05.000000
561d20e95e2cd29032a38f55f5581e75,185568,2025-05-30 18:04:45.000000
ff6979105be54bd4bf187b6516868b85,185569,2025-05-30 18:03:18.000000
f9ac7fe3e7e04d50005397031b3b3ae6,185570,2025-05-30 12:10:44.000000
c54a44864be798d4e8ee9c3cbbb14460,185571,2025-05-29 15:31:05.000000
f746554f1f60fab7c522b2e44777363c,185572,2025-05-29 06:33:40.000000
b45db95fc83fd904f9125a5ca085e67e,185573,2025-05-28 17:22:16.000000
1cb37b038276ebc8cf407f2a297ef0d9,185574,2025-05-28 05:47:35.000000
964e21bab38b456c9c66fed9d1545559,185575,2025-05-31 17:28:51.000000
a2a01bda6ecc11813d6d16b6827f3b49,185576,2025-05-31 17:07:38.000000
89da2daf6e1525166aedc9c6138b95e1,185577,2025-05-31 17:07:34.000000
3c1e00db2d533cdee52ecca569f0b41f,185578,2025-05-31 17:00:00.000000
dde4b4255cce9038d557ee7cf3855319,185579,2025-05-31 16:57:31.000000
f02a989e3d9e3ca5e3234627536d4b65,185580,2025-05-31 16:48:16.000000
8199fa8d2feaa878474891cb4ef41100,185581,2025-05-31 16:48:12.000000
e5cc1947528722130b27ba07e3c3b154,185582,2025-05-31 16:36:52.000000
b9bb99ac64112bcde206acd1772946c9,185583,2025-05-31 16:36:12.000000
8cf9ca9c03ce8576e52130819b0769f9,185584,2025-05-31 16:29:27.000000
166e1d935f88a64e0222290feb6e4fb9,185585,2025-05-31 16:27:45.000000
7962fccf8469c8562de377fc3db0026c,185586,2025-05-31 16:19:06.000000
11af2928af47a67da6f51cd725ecd289,185587,2025-05-31 15:48:14.000000
a44675286def4d5bd7927d2cca6c2515,185588,2025-05-31 15:41:08.000000
0988bea681b8be74ed8b28dc43ae9c1d,185589,2025-05-31 15:40:55.000000
ccaa9ed40dbde926f382ee1a3a124b7d,185590,2025-05-31 15:40:09.000000
650f760b691ba1750a7012b0622df30d,185591,2025-05-31 15:09:39.000000
eb9b0601e1297074cd7890b7d4b85a92,185592,2025-05-31 15:07:13.000000
7b48e47dda0333fed97a975485f6f829,185593,2025-05-31 15:01:26.000000
e7a25bcf58f8c296ce4eded9db3c81ff,185594,2025-05-31 15:00:01.000000
1f2e9715badab54f0a9a2ca9bda924e4,185595,2025-05-31 14:55:16.000000
f71ef1ff5065a8ca2497e70f872d3c2c,185596,2025-05-31 14:53:51.000000
80d570ccc11e39a9ca8da57a21e06365,185597,2025-05-31 14:22:06.000000
766379bf69710ffee3a5ca4840ed20a8,185598,2025-05-31 14:07:14.000000
b4d72060e95187b7371cbc090552e961,185599,2025-05-31 14:05:29.000000
27e121c5351b35033e95c95523e07ae1,185600,2025-06-01 00:38:12.758062
